ToDo,Name,Telefon,Adresse,Aktualisierung
,"Rust, Andre andre.rust@intertects.com","919.410.1185 x6225",-A-,"2018-03-14 12:52:09"
,"Rutherford, Trenton test_11@test.com","895-248-3426 x889","Sample Street 23 , 40246 Maximusbury","2018-03-13 20:08:46"
,"Bradtke, Neva test_4@test.com","+1 (243) 504-3798",-A-,"2018-03-13 20:08:27"
,"Wolf, Stephon test_5@test.com","1-274-219-6089 x34598",-A-,"2018-03-13 20:08:30"
,"Von, Andres test_6@test.com","(651) 791-1213","Sample Street 50 , 44649 Felixstad","2018-03-13 20:08:32"
,"Hilpert, Christy test_7@test.com","(935) 719-7642 x4161","Sample Street 21 , 31849 North Ayla","2018-03-13 20:08:35"
,"Nitzsche, Reyes test_8@test.com","989-463-0314 x896",-A-,"2018-03-13 20:08:38"
,"Mante, Darron test_9@test.com","349-669-0526 x6329","Sample Street 84 , 43471 East Kennedi","2018-03-13 20:08:40"
,"Wunsch, Gust test_10@test.com","776.556.3821 x02750",-A-,"2018-03-13 20:08:43"
,"Maggio, Orval test_12@test.com","1-214-749-8509 x3710",-A-,"2018-03-13 20:08:48"
